{"cameraMode":{"drawMode":0,"name":"Shaded","section":"Shading Mode"},"sceneLighting":false,"audioPlay":false,"sceneViewState":{"m_AlwaysRefresh":false,"showFog":true,"showSkybox":false,"showFlares":true,"showImageEffects":true,"showParticleSystems":true,"showVisualEffectGraphs":true,"m_FxEnabled":true},"in2DMode":false,"pivot":{"x":-0.052018046379089358,"y":1.9794862270355225,"z":0.15137463808059693},"rotation":{"x":0.07946673035621643,"y":-0.2638053297996521,"z":0.02181357331573963,"w":0.9610492587089539},"size":0.9299578070640564,"orthographic":false}