{"cameraMode":{"drawMode":0,"name":"Shaded","section":"Shading Mode"},"sceneLighting":false,"audioPlay":false,"sceneViewState":{"m_AlwaysRefresh":false,"showFog":true,"showSkybox":false,"showFlares":true,"showImageEffects":true,"showParticleSystems":true,"showVisualEffectGraphs":true,"m_FxEnabled":true},"in2DMode":false,"pivot":{"x":5.412714004516602,"y":0.633618950843811,"z":0.958236813545227},"rotation":{"x":-0.002010790864005685,"y":-0.742225706577301,"z":-0.0022257620003074409,"w":0.6701332330703735},"size":1.4326422214508057,"orthographic":false}